{
  "marketing_stripe": {
    "text": "ENVIE SUA RECEITA CLICANDO AQUI",
    "link": "https://api.whatsapp.com/send?phone=5573991157694&text=Ol%C3%A1.%20Quero%20enviar%20minha%20receita%20para%20or%C3%A7amento",
    "background": "#ff9c01",
    "color": "#0b0b0b"
  },
  "contacts_stripe": {
    "pages": [
      {
        "title": "Calêndula, alta tecnologia e qualidade em medicamentos manipulados.",
        "link": "/pages/sobre-nos"
      },
      {}
    ],
    "phone_wpp": true,
    "socials": true
  },
  "categories_list": {
    "featured": [],
    "random": 12,
    "full_width": true
  },
  "search_input": true,
  "desktop_megamenu": false
}