{
  "meta_title": "ALTA TECNOLOGIA EM MANIPULADOS",
  "meta_description": "MANIPULADOS DE QUALIDADE",
  "sections": [
    {
      "type": "banner-slider",
      "autoplay": 9000,
      "slides": [
        {
          "img": "/img/uploads/_h3a1293.jpg",
          "link": "/headset",
          "alt": "Headset banner",
          "start": "2020-04-11T05:54:06.750Z",
          "end": "2020-12-31T03:00:00.000Z"
        },
        {
          "img": "/img/uploads/2h3a1300.jpg",
          "alt": "Banner sample two",
          "start": "",
          "end": "2022-02-12T13:03:03.350Z"
        }
      ],
      "full_width": true
    },
    {
      "type": "info-bar",
      "enabled": true
    },
    {
      "type": "collection-shelf",
      "shuffle": true,
      "collection_id": null,
      "limit": 24,
      "page": 1
    },
    {
      "type": "page-title",
      "title": "Loja Calêndula! Trazendo sempre o melhor para você! ",
      "description": "A Loja Calêndula faz parte da Farmácia Calêndula, localizada na Cidade de Teixeira de Freitas, no Sul do Estado da Bahia. Nosso objtivo é levar aos nossos amigos e clientes o que ha de melhor e mais moderno no mercado de medicamentos manipulados, proporcionando mais saúde e bem estar para toda a comunidade! Conte Conosco! Calêndula a mais de 18 anos trabalhando por e você! "
    }
  ]
}